After Sandy hit the East Coast Monday night, more than 2 million New Jersey residents were left without power and feeling powerless	After Sandy hit the East Coast Monday night, more than 2 million New Jersey residents were left without power and feeling powerless
After Sandy hit the East Coast Monday night, more than 2 million New Jersey residents were left without power and feeling powerless	Superstorm Sandy crashed ashore this week, cutting a path of destruction several hundred miles long. Here are some numbers that help put it in perspective.
After Sandy hit the East Coast Monday night, more than 2 million New Jersey residents were left without power and feeling powerless	Hurricane Sandy struck the Northeast hard when it made landfall in New Jersey Tuesday night. New York Magazine's cover reflects the damage.
After Sandy hit the East Coast Monday night, more than 2 million New Jersey residents were left without power and feeling powerless	Hurricane Sandy is poised to become an “unprecedented” superstorm that could leave millions of people in the Northeast without power for days or even weeks, experts said Saturday.
After Sandy hit the East Coast Monday night, more than 2 million New Jersey residents were left without power and feeling powerless	One of the largest and fiercest storms to menace the East Coast in years caused widespread flooding, power outages and damage. At least 16 have died, AP reports.
After Sandy hit the East Coast Monday night, more than 2 million New Jersey residents were left without power and feeling powerless	The hurricane continued its march north, with powerful winds already affecting the region on Sunday and landfall expected on Monday or Tuesday.
Superstorm Sandy crashed ashore this week, cutting a path of destruction several hundred miles long. Here are some numbers that help put it in perspective.	After Sandy hit the East Coast Monday night, more than 2 million New Jersey residents were left without power and feeling powerless
Superstorm Sandy crashed ashore this week, cutting a path of destruction several hundred miles long. Here are some numbers that help put it in perspective.	Superstorm Sandy crashed ashore this week, cutting a path of destruction several hundred miles long. Here are some numbers that help put it in perspective.
Superstorm Sandy crashed ashore this week, cutting a path of destruction several hundred miles long. Here are some numbers that help put it in perspective.	Hurricane Sandy struck the Northeast hard when it made landfall in New Jersey Tuesday night. New York Magazine's cover reflects the damage.
Superstorm Sandy crashed ashore this week, cutting a path of destruction several hundred miles long. Here are some numbers that help put it in perspective.	Hurricane Sandy is poised to become an “unprecedented” superstorm that could leave millions of people in the Northeast without power for days or even weeks, experts said Saturday.
Superstorm Sandy crashed ashore this week, cutting a path of destruction several hundred miles long. Here are some numbers that help put it in perspective.	One of the largest and fiercest storms to menace the East Coast in years caused widespread flooding, power outages and damage. At least 16 have died, AP reports.
Superstorm Sandy crashed ashore this week, cutting a path of destruction several hundred miles long. Here are some numbers that help put it in perspective.	The hurricane continued its march north, with powerful winds already affecting the region on Sunday and landfall expected on Monday or Tuesday.
Hurricane Sandy struck the Northeast hard when it made landfall in New Jersey Tuesday night. New York Magazine's cover reflects the damage.	After Sandy hit the East Coast Monday night, more than 2 million New Jersey residents were left without power and feeling powerless
Hurricane Sandy struck the Northeast hard when it made landfall in New Jersey Tuesday night. New York Magazine's cover reflects the damage.	Superstorm Sandy crashed ashore this week, cutting a path of destruction several hundred miles long. Here are some numbers that help put it in perspective.
Hurricane Sandy struck the Northeast hard when it made landfall in New Jersey Tuesday night. New York Magazine's cover reflects the damage.	Hurricane Sandy struck the Northeast hard when it made landfall in New Jersey Tuesday night. New York Magazine's cover reflects the damage.
Hurricane Sandy struck the Northeast hard when it made landfall in New Jersey Tuesday night. New York Magazine's cover reflects the damage.	Hurricane Sandy is poised to become an “unprecedented” superstorm that could leave millions of people in the Northeast without power for days or even weeks, experts said Saturday.
Hurricane Sandy struck the Northeast hard when it made landfall in New Jersey Tuesday night. New York Magazine's cover reflects the damage.	One of the largest and fiercest storms to menace the East Coast in years caused widespread flooding, power outages and damage. At least 16 have died, AP reports.
Hurricane Sandy struck the Northeast hard when it made landfall in New Jersey Tuesday night. New York Magazine's cover reflects the damage.	The hurricane continued its march north, with powerful winds already affecting the region on Sunday and landfall expected on Monday or Tuesday.
Hurricane Sandy is poised to become an “unprecedented” superstorm that could leave millions of people in the Northeast without power for days or even weeks, experts said Saturday.	After Sandy hit the East Coast Monday night, more than 2 million New Jersey residents were left without power and feeling powerless
Hurricane Sandy is poised to become an “unprecedented” superstorm that could leave millions of people in the Northeast without power for days or even weeks, experts said Saturday.	Superstorm Sandy crashed ashore this week, cutting a path of destruction several hundred miles long. Here are some numbers that help put it in perspective.
Hurricane Sandy is poised to become an “unprecedented” superstorm that could leave millions of people in the Northeast without power for days or even weeks, experts said Saturday.	Hurricane Sandy struck the Northeast hard when it made landfall in New Jersey Tuesday night. New York Magazine's cover reflects the damage.
Hurricane Sandy is poised to become an “unprecedented” superstorm that could leave millions of people in the Northeast without power for days or even weeks, experts said Saturday.	Hurricane Sandy is poised to become an “unprecedented” superstorm that could leave millions of people in the Northeast without power for days or even weeks, experts said Saturday.
Hurricane Sandy is poised to become an “unprecedented” superstorm that could leave millions of people in the Northeast without power for days or even weeks, experts said Saturday.	One of the largest and fiercest storms to menace the East Coast in years caused widespread flooding, power outages and damage. At least 16 have died, AP reports.
Hurricane Sandy is poised to become an “unprecedented” superstorm that could leave millions of people in the Northeast without power for days or even weeks, experts said Saturday.	The hurricane continued its march north, with powerful winds already affecting the region on Sunday and landfall expected on Monday or Tuesday.
One of the largest and fiercest storms to menace the East Coast in years caused widespread flooding, power outages and damage. At least 16 have died, AP reports.	After Sandy hit the East Coast Monday night, more than 2 million New Jersey residents were left without power and feeling powerless
One of the largest and fiercest storms to menace the East Coast in years caused widespread flooding, power outages and damage. At least 16 have died, AP reports.	Superstorm Sandy crashed ashore this week, cutting a path of destruction several hundred miles long. Here are some numbers that help put it in perspective.
One of the largest and fiercest storms to menace the East Coast in years caused widespread flooding, power outages and damage. At least 16 have died, AP reports.	Hurricane Sandy struck the Northeast hard when it made landfall in New Jersey Tuesday night. New York Magazine's cover reflects the damage.
One of the largest and fiercest storms to menace the East Coast in years caused widespread flooding, power outages and damage. At least 16 have died, AP reports.	Hurricane Sandy is poised to become an “unprecedented” superstorm that could leave millions of people in the Northeast without power for days or even weeks, experts said Saturday.
One of the largest and fiercest storms to menace the East Coast in years caused widespread flooding, power outages and damage. At least 16 have died, AP reports.	One of the largest and fiercest storms to menace the East Coast in years caused widespread flooding, power outages and damage. At least 16 have died, AP reports.
One of the largest and fiercest storms to menace the East Coast in years caused widespread flooding, power outages and damage. At least 16 have died, AP reports.	The hurricane continued its march north, with powerful winds already affecting the region on Sunday and landfall expected on Monday or Tuesday.
The hurricane continued its march north, with powerful winds already affecting the region on Sunday and landfall expected on Monday or Tuesday.	After Sandy hit the East Coast Monday night, more than 2 million New Jersey residents were left without power and feeling powerless
The hurricane continued its march north, with powerful winds already affecting the region on Sunday and landfall expected on Monday or Tuesday.	Superstorm Sandy crashed ashore this week, cutting a path of destruction several hundred miles long. Here are some numbers that help put it in perspective.
The hurricane continued its march north, with powerful winds already affecting the region on Sunday and landfall expected on Monday or Tuesday.	Hurricane Sandy struck the Northeast hard when it made landfall in New Jersey Tuesday night. New York Magazine's cover reflects the damage.
The hurricane continued its march north, with powerful winds already affecting the region on Sunday and landfall expected on Monday or Tuesday.	Hurricane Sandy is poised to become an “unprecedented” superstorm that could leave millions of people in the Northeast without power for days or even weeks, experts said Saturday.
The hurricane continued its march north, with powerful winds already affecting the region on Sunday and landfall expected on Monday or Tuesday.	One of the largest and fiercest storms to menace the East Coast in years caused widespread flooding, power outages and damage. At least 16 have died, AP reports.
The hurricane continued its march north, with powerful winds already affecting the region on Sunday and landfall expected on Monday or Tuesday.	The hurricane continued its march north, with powerful winds already affecting the region on Sunday and landfall expected on Monday or Tuesday.
